"Id","Position","First Name","Last Name","FPPG","Played","Salary","Game","Team","Opponent","Injury Indicator","Injury Details","",""
"16073-11612","WR","Antonio","Brown","20.012500762939453","16","9300","PIT@WAS","PIT","WAS","","","",""
"16073-31360","WR","Odell","Beckham Jr.","18.086665852864584","15","9100","NYG@DAL","NYG","DAL","P","Lower leg","",""
"16073-6894","QB","Aaron","Rodgers","19.327499389648438","16","9000","GB@JAC","GB","JAC","","","",""
"16073-14190","WR","Julio","Jones","19.193750381469727","16","9000","TB@ATL","ATL","TB","","","",""
"16073-30447","RB","Todd","Gurley","15.223076453575722","13","8900","LA@SF","LA","SF","","","",""
"16073-28181","RB","Le'Veon","Bell","16.53333282470703","6","8800","PIT@WAS","PIT","WAS","P","Knee","",""
"16073-62497","RB","David","Johnson","12.362500190734863","16","8800","NE@ARI","ARI","NE","","","",""
"16073-21939","QB","Andrew","Luck","20.405713762555802","7","8700","DET@IND","IND","DET","","","",""
"16073-6504","QB","Drew","Brees","21.013334147135417","15","8700","OAK@NO","NO","OAK","","","",""
"16073-11460","TE","Rob","Gronkowski","14.640000406901041","15","8700","NE@ARI","NE","ARI","","","",""
"16073-22015","QB","Russell","Wilson","21.516250610351562","16","8500","MIA@SEA","SEA","MIA","","","",""
"16073-6589","QB","Ben","Roethlisberger","20.343332926432293","12","8500","PIT@WAS","PIT","WAS","","","",""
"16073-28643","WR","Allen","Robinson","16.5","16","8500","GB@JAC","JAC","GB","","","",""
"16073-6893","WR","Jordy","Nelson","0","0","8400","GB@JAC","GB","JAC","NA","Knee","",""
"16073-16606","WR","DeAndre","Hopkins","17.225000381469727","16","8400","CHI@HOU","HOU","CHI","","","",""
"16073-34308","QB","Blake","Bortles","20.88249969482422","16","8400","GB@JAC","JAC","GB","","","",""
"16073-6498","QB","Tom","Brady","21.950000762939453","16","8300","NE@ARI","NE","ARI","O","Suspension","",""
"16073-6703","RB","Adrian","Peterson","15.356249809265137","16","8200","MIN@TEN","MIN","TEN","","","",""
"16073-14187","WR","A.J.","Green","14.418749809265137","16","8200","CIN@NYJ","CIN","NYJ","","","",""
"16073-24920","RB","Devonta","Freeman","18.65999959309896","15","8100","TB@ATL","ATL","TB","P","","",""
"16073-6728","RB","Jamaal","Charles","18.11999969482422","5","8000","SD@KC","KC","SD","NA","Knee","",""
"16073-11435","WR","Dez","Bryant","8.177777608235678","9","8000","NYG@DAL","DAL","NYG","P","Foot","",""
"16073-32384","WR","Mike","Evans","11.573333740234375","15","7900","TB@ATL","TB","ATL","","","",""
"16073-6748","QB","Carson","Palmer","20.014999389648438","16","7900","NE@ARI","ARI","NE","","","",""
"16073-38791","RB","Ezekiel","Elliott","0","0","7900","NYG@DAL","DAL","NYG","P","Hamstring","",""
"16073-22038","QB","Kirk","Cousins","19.02750015258789","16","7800","PIT@WAS","WAS","PIT","","","",""
"16073-45859","QB","Derek","Carr","17.767499923706055","16","7700","OAK@NO","OAK","NO","","","",""
"16073-6759","WR","Brandon","Marshall","17.793750762939453","16","7700","CIN@NYJ","NYJ","CIN","","","",""
"16073-14225","QB","Andy","Dalton","19.32307668832632","13","7700","CIN@NYJ","CIN","NYJ","","","",""
"16073-6639","QB","Tony","Romo","11.914999961853027","4","7600","NYG@DAL","DAL","NYG","P","Collarbone","",""
"16073-6616","QB","Matt","Ryan","15.62125015258789","16","7600","TB@ATL","ATL","TB","","","",""
"16073-22037","RB","Lamar","Miller","13.024999618530273","16","7600","CHI@HOU","HOU","CHI","","","",""
"16073-29501","WR","Brandin","Cooks","13.225000381469727","16","7600","OAK@NO","NO","OAK","P","Undisclosed","",""
"16073-21980","WR","Alshon","Jeffery","14.633332994249132","9","7500","CHI@HOU","CHI","HOU","P","Hamstring","",""
"16073-29358","QB","Marcus","Mariota","18.376667022705078","12","7500","MIN@TEN","TEN","MIN","","","",""
"16073-24849","QB","Jameis","Winston","18.123750686645508","16","7500","TB@ATL","TB","ATL","","","",""
"16073-6654","QB","Matthew","Stafford","18.954999923706055","16","7400","DET@IND","DET","IND","","","",""
"16073-30298","TE","Jordan","Reed","14.335714067731585","14","7400","PIT@WAS","WAS","PIT","Q","Thumb","",""
"16073-28095","RB","Thomas","Rawls","10.258333206176758","12","7400","MIA@SEA","SEA","MIA","P","Ankle","",""
"16073-29253","WR","Keenan","Allen","16","8","7400","SD@KC","SD","KC","","","",""
"16073-7659","QB","Ryan","Fitzpatrick","18.762500762939453","16","7300","CIN@NYJ","NYJ","CIN","","","",""
"16073-14211","RB","Mark","Ingram","14.866666158040365","12","7300","OAK@NO","NO","OAK","P","Shoulder","",""
"16073-24641","WR","Sammy","Watkins","14.523077157827524","13","7300","BUF@BAL","BUF","BAL","","","",""
"16073-7968","QB","Philip","Rivers","18.592500686645508","16","7300","SD@KC","SD","KC","","","",""
"16073-7859","WR","Julian","Edelman","15.777777777777779","9","7300","NE@ARI","NE","ARI","P","Foot","",""
"16073-21970","RB","Doug","Martin","13.487500190734863","16","7200","TB@ATL","TB","ATL","","","",""
"16073-6826","QB","Eli","Manning","18.83625030517578","16","7200","NYG@DAL","NYG","DAL","","","",""
"16073-6883","WR","Larry","Fitzgerald","14.125","16","7200","NE@ARI","ARI","NE","","","",""
"16073-14377","QB","Tyrod","Taylor","19.792857578822545","14","7200","BUF@BAL","BUF","BAL","","","",""
"16073-14257","WR","Randall","Cobb","10.587499618530273","16","7200","GB@JAC","GB","JAC","P","Calf","",""
"16073-21994","QB","Brock","Osweiler","15.34749984741211","8","7100","CHI@HOU","HOU","CHI","","","",""
"16073-6732","RB","DeAngelo","Williams","13.212499618530273","16","7100","PIT@WAS","PIT","WAS","","","",""
"16073-31001","WR","Amari","Cooper","11.043749809265137","16","7100","OAK@NO","OAK","NO","","","",""
"16073-30968","RB","Eddie","Lacy","8.706667073567708","15","7100","GB@JAC","GB","JAC","P","Ankle","",""
"16073-25760","WR","Allen","Hurns","12.873333740234376","15","7000","GB@JAC","JAC","GB","","","",""
"16073-6714","QB","Joe","Flacco","17.394000244140624","10","7000","BUF@BAL","BAL","BUF","P","Knee","",""
"16073-8005","QB","Alex","Smith","17.389999389648438","16","7000","SD@KC","KC","SD","","","",""
"16073-21952","WR","Michael","Floyd","9.793332926432292","15","6900","NE@ARI","ARI","NE","","","",""
"16073-21941","QB","Robert","Griffin III","0","0","6900","CLE@PHI","CLE","PHI","","","",""
"16073-54604","QB","Jimmy","Garoppolo","-0.06499999761581421","4","6900","NE@ARI","NE","ARI","","","",""
"16073-6803","QB","Josh","McCown","17.020000457763672","8","6900","CLE@PHI","CLE","PHI","","","",""
"16073-6857","RB","Justin","Forsett","10.69000015258789","10","6900","BUF@BAL","BAL","BUF","","","",""
"16073-6779","RB","LeSean","McCoy","13.558333079020182","12","6900","BUF@BAL","BUF","BAL","P","Ankle","",""
"16073-11414","QB","Sam","Bradford","14.92142813546317","14","6900","CLE@PHI","PHI","CLE","","","",""
"16073-11485","WR","Golden","Tate","10.274999618530273","16","6900","DET@IND","DET","IND","","","",""
"16073-11501","WR","Eric","Decker","14.17999979654948","15","6900","CIN@NYJ","NYJ","CIN","Q","Leg","",""
"16073-33259","QB","Teddy","Bridgewater","13.09000015258789","16","6800","MIN@TEN","MIN","TEN","","","",""
"16073-22031","WR","T.Y.","Hilton","11.056249618530273","16","6800","DET@IND","IND","DET","","","",""
"16073-7283","WR","Jeremy","Maclin","13.313333129882812","15","6800","SD@KC","KC","SD","","","",""
"16073-38435","QB","Jared","Goff","0","0","6800","LA@SF","LA","SF","","","",""
"16073-14626","WR","Doug","Baldwin","14.368749618530273","16","6700","MIA@SEA","SEA","MIA","P","Achilles","",""
"16073-6898","QB","Jay","Cutler","15.830667114257812","15","6700","CHI@HOU","CHI","HOU","","","",""
"16073-6735","WR","Steve","Smith Sr.","15.428571428571429","7","6700","BUF@BAL","BAL","BUF","NA","Achilles","",""
"16073-6739","WR","DeSean","Jackson","9.977778116861979","9","6600","PIT@WAS","WAS","PIT","","","",""
"16073-31394","WR","Jarvis","Landry","13.772500038146973","16","6600","MIA@SEA","MIA","SEA","","","",""
"16073-30837","WR","Jordan","Matthews","11.762499809265137","16","6600","CLE@PHI","PHI","CLE","Q","Knee","",""
"16073-34331","RB","Latavius","Murray","11.518750190734863","16","6600","OAK@NO","OAK","NO","","","",""
"16073-10777","RB","Arian","Foster","16.5","4","6500","MIA@SEA","MIA","SEA","","","",""
"16073-54606","WR","John","Brown","11.666666666666666","15","6500","NE@ARI","ARI","NE","P","Concussion","",""
"16073-6863","TE","Delanie","Walker","13.159999593098958","15","6500","MIN@TEN","TEN","MIN","","","",""
"16073-6899","RB","Matt","Forte","14.823076688326323","13","6500","CIN@NYJ","NYJ","CIN","P","Hamstring","",""
"16073-14231","QB","Colin","Kaepernick","12.799999660915798","9","6500","LA@SF","SF","LA","","","",""
"16073-14254","RB","DeMarco","Murray","10.826666259765625","15","6500","MIN@TEN","TEN","MIN","","","",""
"16073-31732","WR","Corey","Coleman","0","0","6500","CLE@PHI","CLE","PHI","P","Hamstring","",""
"16073-31397","RB","Jeremy","Hill","10.175000190734863","16","6500","CIN@NYJ","CIN","NYJ","","","",""
"16073-33076","TE","Travis","Kelce","9.59375","16","6400","SD@KC","KC","SD","","","",""
"16073-21948","QB","Ryan","Tannehill","16.863750457763672","16","6400","MIA@SEA","MIA","SEA","","","",""
"16073-26483","QB","Geno","Smith","21","1","6400","CIN@NYJ","NYJ","CIN","","","",""
"16073-26458","WR","Tavon","Austin","10.793749809265137","16","6400","LA@SF","LA","SF","P","Leg","",""
"16073-44449","WR","Willie","Snead","9.926666259765625","15","6400","OAK@NO","NO","OAK","","","",""
"16073-7806","RB","Darren","McFadden","10.981249809265137","16","6400","NYG@DAL","DAL","NYG","O","Elbow","",""
"16073-6422","TE","Gary","Barnidge","12.362500190734863","16","6300","CLE@PHI","CLE","PHI","P","Abdomen","",""
"16073-14905","WR","Kamar","Aiken","9.993749618530273","16","6300","BUF@BAL","BAL","BUF","","","",""
"16073-33557","TE","Tyler","Eifert","12.73076923076923","13","6300","CIN@NYJ","CIN","NYJ","NA","Ankle","",""
"16073-6774","WR","Pierre","Garcon","9.356249809265137","16","6300","PIT@WAS","WAS","PIT","","","",""
"16073-27229","RB","Ameer","Abdullah","6.53125","16","6300","DET@IND","DET","IND","P","Shoulder","",""
"16073-25079","WR","Stefon","Diggs","9.484615619365986","13","6300","MIN@TEN","MIN","TEN","","","",""
"16073-28202","RB","Jeremy","Langford","9.106667073567708","15","6200","CHI@HOU","CHI","HOU","","","",""
"16073-28473","RB","Carlos","Hyde","10.82857186453683","7","6200","LA@SF","SF","LA","P","Foot","",""
"16073-6840","RB","Frank","Gore","11.024999618530273","16","6200","DET@IND","IND","DET","","","",""
"16073-14339","RB","Dion","Lewis","14.599999564034599","7","6200","NE@ARI","NE","ARI","NA","Knee","",""
"16073-31561","WR","Donte","Moncrief","8.831250190734863","16","6200","DET@IND","IND","DET","","","",""
"16073-14194","QB","Blaine","Gabbert","17.092500686645508","8","6200","LA@SF","SF","LA","","","",""
"16073-7965","TE","Antonio","Gates","11","11","6200","SD@KC","SD","KC","","","",""
"16073-27050","WR","Tyler","Lockett","8.743749618530273","16","6200","MIA@SEA","SEA","MIA","","","",""
"16073-11864","RB","Chris","Ivory","12.513333129882813","15","6100","GB@JAC","JAC","GB","","","",""
"16073-29500","WR","Markus","Wheaton","8.056249618530273","16","6100","PIT@WAS","PIT","WAS","","","",""
"16073-46882","RB","Jay","Ajayi","4.355555640326606","9","6100","MIA@SEA","MIA","SEA","","","",""
"16073-11425","RB","Ryan","Mathews","8.807692307692308","13","6100","CLE@PHI","PHI","CLE","","","",""
"16073-31061","RB","T.J.","Yeldon","11.491666158040365","12","6100","GB@JAC","JAC","GB","","","",""
"16073-11512","TE","Jimmy","Graham","8.772727272727273","11","6100","MIA@SEA","SEA","MIA","Q","Knee","",""
"16073-9392","WR","Michael","Crabtree","11.793749809265137","16","6100","OAK@NO","OAK","NO","","","",""
"16073-6566","RB","Chris","Johnson","9.472726995294744","11","6000","NE@ARI","ARI","NE","","","",""
"16073-21959","QB","Brandon","Weeden","11.403333028157553","6","6000","CHI@HOU","HOU","CHI","","","",""
"16073-33260","WR","DeVante","Parker","10.050000190734863","8","6000","MIA@SEA","MIA","SEA","P","Hamstring","",""
"16073-30244","RB","Matt","Jones","8.06923088660607","13","6000","PIT@WAS","WAS","PIT","","","",""
"16073-6679","QB","Matt","Schaub","15.300000190734863","2","6000","TB@ATL","ATL","TB","","","",""
"16073-22027","QB","Nick","Foles","9.64363653009588","11","6000","SD@KC","KC","SD","","","",""
"16073-22894","QB","Kellen","Moore","13.020000457763672","3","6000","NYG@DAL","DAL","NYG","O","Lower leg","",""
"16073-14267","QB","Ryan","Mallett","10.991428920200892","7","6000","BUF@BAL","BAL","BUF","","","",""
"16073-11779","RB","LeGarrette","Blount","9.966666539510092","12","6000","NE@ARI","NE","ARI","P","Hip","",""
"16073-22994","QB","Case","Keenum","8.923999786376953","5","6000","LA@SF","LA","SF","","","",""
"16073-31421","QB","Zach","Mettenberger","7.028571537562779","7","6000","SD@KC","SD","KC","","","",""
"16073-38514","WR","Kevin","White","0","0","6000","CHI@HOU","CHI","HOU","","","",""
"16073-8117","WR","Danny","Amendola","8.274285452706474","14","6000","NE@ARI","NE","ARI","NA","Knee","",""
"16073-11495","WR","Brandon","LaFell","6.44545468417081","11","6000","CIN@NYJ","CIN","NYJ","","","",""
"16073-8052","RB","Rashad","Jennings","9.399999618530273","16","6000","NYG@DAL","NYG","DAL","","","",""
"16073-7872","QB","Brian","Hoyer","15.78545448996804","11","6000","CHI@HOU","CHI","HOU","","","",""
"16073-7744","QB","Drew","Stanton","0.14333333571751913","6","6000","NE@ARI","ARI","NE","","","",""
"16073-7778","QB","Matt","Cassel","9.229999542236328","8","6000","MIN@TEN","TEN","MIN","","","",""
"16073-41806","WR","Laquon","Treadwell","0","0","5900","MIN@TEN","MIN","TEN","","","",""
"16073-31047","QB","AJ","McCarron","8.17999976021903","7","5900","CIN@NYJ","CIN","NYJ","","","",""
"16073-7953","WR","Vincent","Jackson","9.080000305175782","10","5900","TB@ATL","TB","ATL","","","",""
"16073-6479","WR","Anquan","Boldin","9.67142813546317","14","5800","DET@IND","DET","IND","","","",""
"16073-22018","WR","Mohamed","Sanu","4.6875","16","5800","TB@ATL","ATL","TB","","","",""
"16073-14317","TE","Julius","Thomas","8.208333333333334","12","5800","GB@JAC","JAC","GB","","","",""
"16073-9421","RB","Danny","Woodhead","12.693750381469727","16","5800","SD@KC","SD","KC","","","",""
"16073-12903","WR","Andrew","Hawkins","5.137499809265137","8","5700","CLE@PHI","CLE","PHI","P","Hamstring","",""
"16073-54684","RB","Isaiah","Crowell","8.018750190734863","16","5700","CLE@PHI","CLE","PHI","","","",""
"16073-29780","TE","Zach","Ertz","8.853333536783854","15","5700","CLE@PHI","PHI","CLE","","","",""
"16073-28900","RB","Melvin","Gordon","6.557143075125558","14","5700","SD@KC","SD","KC","","","",""
"16073-25837","RB","Duke","Johnson Jr.","8.362500190734863","16","5600","CLE@PHI","CLE","PHI","","","",""
"16073-22035","WR","Travis","Benjamin","10.237500190734863","16","5600","SD@KC","SD","KC","P","Undisclosed","",""
"16073-25290","RB","Giovani","Bernard","9.793749809265137","16","5600","CIN@NYJ","CIN","NYJ","","","",""
"16073-14288","WR","Torrey","Smith","6.800000190734863","16","5600","LA@SF","SF","LA","P","Leg","",""
"16073-27477","WR","Sterling","Shepard","0","0","5600","NYG@DAL","NYG","DAL","","","",""
"16073-40669","WR","Tyler","Boyd","0","0","5600","CIN@NYJ","CIN","NYJ","","","",""
"16073-7972","RB","Darren","Sproles","8.375","16","5600","CLE@PHI","PHI","CLE","","","",""
"16073-42028","WR","Will","Fuller","0","0","5600","CHI@HOU","HOU","CHI","","","",""
"16073-11609","RB","James","Starks","9.050000190734863","16","5600","GB@JAC","GB","JAC","","","",""
"16073-22004","TE","Dwayne","Allen","2.0833333333333335","12","5500","DET@IND","IND","DET","","","",""
"16073-6641","TE","Jason","Witten","7.862500190734863","16","5500","NYG@DAL","DAL","NYG","","","",""
"16073-30364","QB","Aaron","Murray","0","0","5500","SD@KC","KC","SD","","","",""
"16073-6808","QB","Matt","Moore","0.36000001430511475","1","5500","MIA@SEA","MIA","SEA","","","",""
"16073-22103","WR","Marvin","Jones Jr.","8.837499618530273","16","5500","DET@IND","DET","IND","","","",""
"16073-29685","WR","Robert","Woods","6.764285496303013","14","5500","BUF@BAL","BUF","BAL","","","",""
"16073-22848","QB","Austin","Davis","7.393333435058594","3","5500","CLE@PHI","CLE","PHI","","","",""
"16073-14320","RB","Bilal","Powell","10.145454406738281","11","5500","CIN@NYJ","NYJ","CIN","","","",""
"16073-27405","QB","Landry","Jones","3.7171429225376675","7","5500","PIT@WAS","PIT","WAS","","","",""
"16073-25410","QB","Mike","Glennon","0","0","5500","TB@ATL","TB","ATL","","","",""
"16073-11500","QB","Colt","McCoy","8.819999694824219","1","5500","PIT@WAS","WAS","PIT","","","",""
"16073-7844","QB","Chad","Henne","0","0","5500","GB@JAC","JAC","GB","","","",""
"16073-24949","QB","EJ","Manuel","10.460000038146973","4","5500","BUF@BAL","BUF","BAL","","","",""
"16073-28677","QB","Matt","McGloin","5.340000152587891","2","5500","OAK@NO","OAK","NO","","","",""
"16073-21971","TE","Coby","Fleener","6.406666564941406","15","5400","OAK@NO","NO","OAK","","","",""
"16073-21957","WR","Kendall","Wright","7.85","10","5400","MIN@TEN","TEN","MIN","P","Hamstring","",""
"16073-6607","WR","Mike","Wallace","5.293333435058594","15","5400","BUF@BAL","BAL","BUF","","","",""
"16073-39280","RB","Derrick","Henry","0","0","5400","MIN@TEN","TEN","MIN","","","",""
"16073-25813","WR","Phillip","Dorsett","3.381818251176314","11","5400","DET@IND","IND","DET","","","",""
"16073-22219","WR","Jermaine","Kearse","7.6875","16","5400","MIA@SEA","SEA","MIA","","","",""
"16073-22113","RB","Alfred","Morris","5.724999904632568","16","5400","NYG@DAL","DAL","NYG","","","",""
"16073-29645","RB","Javorius","Allen","7.699999809265137","16","5400","BUF@BAL","BAL","BUF","","","",""
"16073-29683","WR","Nelson","Agholor","3.369230710543119","13","5400","CLE@PHI","PHI","CLE","","","",""
"16073-7645","WR","Stevie","Johnson","10.022221883138021","9","5400","SD@KC","SD","KC","IR","Knee","",""
"16073-31459","RB","Spencer","Ware","8.866667005750868","9","5400","SD@KC","KC","SD","","","",""
"16073-16923","TE","Austin","Seferian-Jenkins","9.757143293108259","7","5400","TB@ATL","TB","ATL","","","",""
"16073-21999","WR","Rueben","Randle","9.762499809265137","16","5300","CLE@PHI","PHI","CLE","","","",""
"16073-6535","WR","Kenny","Britt","6.506249904632568","16","5300","LA@SF","LA","SF","","","",""
"16073-45889","WR","Davante","Adams","6.253846388596755","13","5300","GB@JAC","GB","JAC","","","",""
"16073-31836","WR","Terrance","Williams","8","16","5300","NYG@DAL","DAL","NYG","","","",""
"16073-11999","WR","Victor","Cruz","0","0","5300","NYG@DAL","NYG","DAL","P","Groin","",""
"16073-14237","TE","Kyle","Rudolph","6.5","16","5300","MIN@TEN","MIN","TEN","","","",""
"16073-14245","RB","Shane","Vereen","8.056249618530273","16","5300","NYG@DAL","NYG","DAL","","","",""
"16073-31406","RB","Alfred","Blue","7.442856924874442","14","5300","CHI@HOU","HOU","CHI","","","",""
"16073-8050","TE","Zach","Miller","7.575000127156575","12","5300","CHI@HOU","CHI","HOU","Q","Concussion","",""
"16073-7870","TE","Benjamin","Watson","9.59375","16","5300","BUF@BAL","BAL","BUF","","","",""
"16073-7761","TE","Jared","Cook","4.224999904632568","16","5300","GB@JAC","GB","JAC","P","Foot","",""
"16073-54753","WR","Taylor","Gabriel","3.1749998728434243","12","5200","CLE@PHI","CLE","PHI","","","",""
"16073-54608","RB","Jerick","McKinnon","4.556250095367432","16","5200","MIN@TEN","MIN","TEN","P","Back","",""
"16073-54623","WR","Jeff","Janis","0.9888888465033637","9","5200","GB@JAC","GB","JAC","","","",""
"16073-27776","RB","Tevin","Coleman","3.4666665395100913","12","5200","TB@ATL","ATL","TB","","","",""
"16073-6828","RB","Tim","Hightower","13.40000025431315","6","5200","OAK@NO","NO","OAK","","","",""
"16073-22163","WR","Rishard","Matthews","10.190908952192826","11","5200","MIN@TEN","TEN","MIN","","","",""
"16073-28088","RB","Denard","Robinson","4.791666666666667","12","5200","GB@JAC","JAC","GB","","","",""
"16073-14307","WR","Cecil","Shorts III","8.085454767400568","11","5200","CHI@HOU","HOU","CHI","","","",""
"16073-31241","WR","Sammie","Coates","1.600000023841858","1","5200","PIT@WAS","PIT","WAS","","","",""
"16073-48344","WR","Albert","Wilson","5.514285496303013","14","5200","SD@KC","KC","SD","","","",""
"16073-24847","TE","Will","Tye","6.415384732759916","13","5200","NYG@DAL","NYG","DAL","","","",""
"16073-6448","TE","Martellus","Bennett","8.0363637750799","11","5100","NE@ARI","NE","ARI","","","",""
"16073-54741","WR","Seth","Roberts","6","16","5100","OAK@NO","OAK","NO","","","",""
"16073-54687","RB","Charcandrick","West","9.446154080904448","13","5100","SD@KC","KC","SD","","","",""
"16073-14645","WR","Dontrelle","Inman","6.841666539510091","12","5100","SD@KC","SD","KC","","","",""
"16073-39900","RB","Khiry","Robinson","7.75","8","5100","CIN@NYJ","NYJ","CIN","P","Lower leg","",""
"16073-12536","D","Kansas City","Chiefs","11.125","16","5100","SD@KC","KC","SD","","","",""
"16073-33465","RB","Theo","Riddick","8.6875","16","5100","DET@IND","DET","IND","","","",""
"16073-22047","TE","Ladarius","Green","6.876923194298377","13","5100","PIT@WAS","PIT","WAS","NA","Ankle","",""
"16073-6768","WR","Eddie","Royal","5.355555640326606","9","5100","CHI@HOU","CHI","HOU","Q","Concussion","",""
"16073-34154","WR","J.J.","Nelson","5.0444446139865455","9","5100","NE@ARI","ARI","NE","P","Groin","",""
"16073-25272","TE","Eric","Ebron","7.657142639160156","14","5100","DET@IND","DET","IND","Q","Lower leg","",""
"16073-14283","WR","Leonard","Hankerson","9.10000010899135","7","5100","BUF@BAL","BUF","BAL","","","",""
"16073-24755","WR","Jamison","Crowder","6.506249904632568","16","5100","PIT@WAS","WAS","PIT","P","Hamstring","",""
"16073-8803","QB","Chase","Daniel","-0.019999999552965164","2","5000","CLE@PHI","PHI","CLE","","","",""
"16073-30610","QB","Dylan","Thompson","0","0","5000","LA@SF","LA","SF","","","",""
"16073-32514","QB","Trevone","Boykin","0","0","5000","MIA@SEA","SEA","MIA","","","",""
"16073-30640","QB","Connor","Shaw","0","0","5000","CHI@HOU","CHI","HOU","","","",""
"16073-70446","QB","Joe","Callahan","0","0","5000","GB@JAC","GB","JAC","","","",""
"16073-28163","QB","Connor","Cook","0","0","5000","OAK@NO","OAK","NO","","","",""
"16073-70464","QB","Josh","Woodrum","0","0","5000","DET@IND","IND","DET","","","",""
"16073-47772","QB","Brandon","Doughty","0","0","5000","MIA@SEA","MIA","SEA","","","",""
"16073-43956","QB","David","Fales","0","0","5000","CHI@HOU","CHI","HOU","","","",""
"16073-26355","QB","Logan","Thomas","0","0","5000","NYG@DAL","NYG","DAL","","","",""
"16073-41732","QB","Christian","Hackenberg","0","0","5000","CIN@NYJ","NYJ","CIN","","","",""
"16073-6610","WR","Nate","Washington","8.715384850135216","13","5000","NE@ARI","NE","ARI","","","",""
"16073-45797","QB","Garrett","Grayson","0","1","5000","OAK@NO","NO","OAK","","","",""
"16073-26141","QB","Ryan","Nassib","6.71999979019165","1","5000","NYG@DAL","NYG","DAL","","","",""
"16073-54705","QB","Dustin","Vaughan","0","0","5000","PIT@WAS","PIT","WAS","","","",""
"16073-28515","QB","Cardale","Jones","0","0","5000","BUF@BAL","BUF","BAL","","","",""
"16073-32366","QB","Jameill","Showers","0","0","5000","NYG@DAL","DAL","NYG","","","",""
"16073-30231","QB","Jacoby","Brissett","0","0","5000","NE@ARI","NE","ARI","","","",""
"16073-30253","QB","Jeff","Driskel","0","0","5000","LA@SF","SF","LA","","","",""
"16073-70324","QB","Carson","Wentz","0","0","5000","CLE@PHI","PHI","CLE","","","",""
"16073-25812","QB","Stephen","Morris","0","0","5000","DET@IND","IND","DET","","","",""
"16073-12546","D","Arizona","Cardinals","10.5","16","5000","NE@ARI","ARI","NE","","","",""
"16073-12550","D","Seattle","Seahawks","10.3125","16","5000","MIA@SEA","SEA","MIA","","","",""
"16073-39454","QB","Zac","Dysert","0","0","5000","MIA@SEA","MIA","SEA","","","",""
"16073-14696","QB","Scott","Tolzien","-0.07000000029802322","2","5000","DET@IND","IND","DET","","","",""
"16073-27801","QB","Nate","Sudfeld","0","0","5000","PIT@WAS","WAS","PIT","","","",""
"16073-33702","QB","Ryan","Griffin","0","0","5000","TB@ATL","TB","ATL","","","",""
"16073-70127","QB","Griffin","Neal","0","0","5000","OAK@NO","NO","OAK","","","",""
"16073-22288","WR","Cole","Beasley","6.599999904632568","16","5000","NYG@DAL","DAL","NYG","","","",""
"16073-6809","WR","Brian","Hartline","7.275000254313151","12","5000","CLE@PHI","CLE","PHI","","","",""
"16073-31798","QB","Bryce","Petty","0","0","5000","CIN@NYJ","NYJ","CIN","","","",""
"16073-14570","QB","Jerrod","Johnson","0","0","5000","BUF@BAL","BAL","BUF","","","",""
"16073-6844","QB","Shaun","Hill","0.033333333830038704","3","5000","MIN@TEN","MIN","TEN","","","",""
"16073-22258","RB","Travaris","Cadet","6.116666793823242","6","5000","OAK@NO","NO","OAK","","","",""
"16073-27982","QB","Jake","Rudock","0","0","5000","DET@IND","DET","IND","","","",""
"16073-29915","QB","Brett","Hundley","0","0","5000","GB@JAC","GB","JAC","P","Ankle","",""
"16073-6664","TE","Jacob","Tamme","6.746666463216146","15","5000","TB@ATL","ATL","TB","","","",""
"16073-29715","QB","Kevin","Hogan","0","0","5000","SD@KC","KC","SD","","","",""
"16073-14362","TE","Charles","Clay","7.407692542442908","13","5000","BUF@BAL","BUF","BAL","P","Back","",""
"16073-25969","QB","Tom","Savage","0","0","5000","CHI@HOU","HOU","CHI","","","",""
"16073-22820","QB","Matt","Simms","0","0","5000","TB@ATL","ATL","TB","","","",""
"16073-29684","QB","Max","Wittek","0","0","5000","GB@JAC","JAC","GB","","","",""
"16073-29587","QB","Cody","Kessler","0","0","5000","CLE@PHI","CLE","PHI","","","",""
"16073-25217","QB","Marquise","Williams","0","0","5000","GB@JAC","GB","JAC","","","",""
"16073-29605","QB","Matt","Barkley","0","0","5000","NE@ARI","ARI","NE","","","",""
"16073-31716","QB","Dak","Prescott","0","0","5000","NYG@DAL","DAL","NYG","","","",""
"16073-14292","TE","Jordan","Cameron","4.631249904632568","16","5000","MIA@SEA","MIA","SEA","","","",""
"16073-29445","QB","Sean","Mannion","1.2400000095367432","1","5000","LA@SF","LA","SF","","","",""
"16073-27266","WR","Quincy","Enunwa","3.8636363636363638","11","5000","CIN@NYJ","NYJ","CIN","","","",""
"16073-53331","QB","Taylor","Heinicke","0","0","5000","MIN@TEN","MIN","TEN","O","Ankle","",""
"16073-29171","QB","Mike","Bercovici","0","0","5000","SD@KC","SD","KC","","","",""
"16073-8071","QB","Dan","Orlovsky","5.519999980926514","2","5000","DET@IND","DET","IND","","","",""
"16073-44500","QB","Keith","Wenning","0","0","5000","CIN@NYJ","CIN","NYJ","","","",""
"16073-24760","QB","Sean","Renfree","-0.47999998927116394","2","5000","TB@ATL","ATL","TB","","","",""
"16073-8023","QB","Josh","Johnson","0","0","5000","BUF@BAL","BAL","BUF","","","",""
"16073-26877","QB","Jake","Heaps","0","0","5000","MIA@SEA","SEA","MIA","","","",""
"16073-31170","QB","Brandon","Allen","0","0","5000","GB@JAC","JAC","GB","","","",""
"16073-8051","QB","Luke","McCown","6.199999809265137","2","5000","OAK@NO","NO","OAK","","","",""
"16073-7900","K","Stephen","Gostkowski","10.6875","16","5000","NE@ARI","NE","ARI","","","",""
"16073-30788","QB","Tyler","Bray","0","0","5000","SD@KC","KC","SD","","","",""
"16073-7919","QB","Kellen","Clemens","3.2100000381469727","2","5000","SD@KC","SD","KC","","","",""
"16073-28856","QB","Joel","Stave","0","0","5000","MIN@TEN","MIN","TEN","","","",""
"16073-11761","QB","Thaddeus","Lewis","0","0","5000","LA@SF","SF","LA","","","",""
"16073-7803","QB","Bruce","Gradkowski","0","0","5000","PIT@WAS","PIT","WAS","","","",""
"16073-11599","QB","Dan","LeFevour","0","0","5000","TB@ATL","TB","ATL","","","",""
"16073-24862","WR","Rashad","Greene","4.088888804117839","9","5000","GB@JAC","JAC","GB","","","",""
"16073-24835","QB","Jake","Coker","0","0","5000","NE@ARI","ARI","NE","","","",""
"16073-34459","QB","B.J.","Daniels","0.9200000166893005","4","5000","CHI@HOU","CHI","HOU","","","",""
"16073-33137","WR","Justin","Hardy","3.322222179836697","9","4900","TB@ATL","ATL","TB","","","",""
"16073-15212","WR","Terrelle","Pryor","2.299999952316284","2","4900","CLE@PHI","CLE","PHI","","","",""
"16073-45723","TE","Crockett","Gillmore","8.169999694824218","10","4900","BUF@BAL","BAL","BUF","Q","Hamstring","",""
"16073-39373","WR","Jaelen","Strong","4.1099998474121096","10","4900","CHI@HOU","HOU","CHI","","","",""
"16073-30237","RB","Mike","Gillislee","9.719999694824219","5","4900","BUF@BAL","BUF","BAL","","","",""
"16073-28573","WR","Michael","Thomas","0","0","4900","OAK@NO","NO","OAK","","","",""
"16073-30108","WR","Marquess","Wilson","6.0363637750799","11","4900","CHI@HOU","CHI","HOU","NA","Foot","",""
"16073-33552","WR","TJ","Jones","2.1899999618530273","10","4900","DET@IND","DET","IND","","","",""
"16073-62616","RB","Zach","Zenner","2.0250000953674316","4","4900","DET@IND","DET","IND","P","Chest","",""
"16073-39649","RB","Benny","Cunningham","3.466666666666667","15","4900","LA@SF","LA","SF","","","",""
"16073-12556","D","Houston","Texans","9.4375","16","4900","CHI@HOU","HOU","CHI","","","",""
"16073-62517","WR","Dezmin","Lewis","0","1","4900","BUF@BAL","BUF","BAL","Q","Undisclosed","",""
"16073-24569","K","Chandler","Catanzaro","8.9375","16","4900","NE@ARI","ARI","NE","","","",""
"16073-26038","TE","Tyler","Kroft","4.066666603088379","6","4900","CIN@NYJ","CIN","NYJ","O","Knee","",""
"16073-6681","WR","Andre","Johnson","5.925000190734863","16","4900","MIN@TEN","TEN","MIN","","","",""
"16073-6742","TE","Brent","Celek","5.941666920979817","12","4900","CLE@PHI","PHI","CLE","","","",""
"16073-33472","RB","C.J.","Prosise","0","0","4900","MIA@SEA","SEA","MIA","P","Hamstring","",""
"16073-22063","WR","Keshawn","Martin","5.5","9","4900","NE@ARI","NE","ARI","","","",""
"16073-22048","RB","Robert","Turbin","3.1700000762939453","10","4900","DET@IND","IND","DET","","","",""
"16073-22054","WR","Jarius","Wright","4.1399998982747395","15","4900","MIN@TEN","MIN","TEN","P","Undisclosed","",""
"16073-22898","RB","Brandon","Bolden","5.472727342085405","11","4900","NE@ARI","NE","ARI","","","",""
"16073-27457","WR","Kenny","Stills","5.033333333333333","15","4900","MIA@SEA","MIA","SEA","","","",""
"16073-29351","WR","De'Anthony","Thomas","3.5900001525878906","10","4900","SD@KC","KC","SD","P","Not injury related","",""
"16073-11419","RB","C.J.","Spiller","4.93076911339393","13","4900","OAK@NO","NO","OAK","P","Leg","",""
"16073-30989","RB","Kenyan","Drake","0","0","4900","MIA@SEA","MIA","SEA","Q","Hamstring","",""
"16073-28930","RB","James","White","8.549999872843424","12","4900","NE@ARI","NE","ARI","","","",""
"16073-21123","TE","Larry","Donnell","6.099999904632568","8","4900","NYG@DAL","NYG","DAL","","","",""
"16073-23045","K","Justin","Tucker","9.125","16","4900","BUF@BAL","BAL","BUF","","","",""
"16073-11532","TE","Dennis","Pitta","0","0","4900","BUF@BAL","BAL","BUF","Q","Hip","",""
"16073-42142","RB","Jordan","Howard","0","0","4900","CHI@HOU","CHI","HOU","","","",""
"16073-27134","WR","Dorial","Green-Beckham","6.921428680419922","14","4900","MIN@TEN","TEN","MIN","","","",""
"16073-7788","WR","Louis","Murphy","4.959999847412109","5","4900","TB@ATL","TB","ATL","NA","Knee","",""
"16073-24891","RB","Chris","Thompson","5.776922959547776","13","4900","PIT@WAS","WAS","PIT","","","",""
"16073-47828","RB","Antonio","Andrews","7.252857208251953","14","4800","MIN@TEN","TEN","MIN","P","Hamstring","",""
"16073-21972","WR","Brian","Quick","1.6888888676961262","9","4800","LA@SF","LA","SF","","","",""
"16073-32564","WR","Josh","Doctson","0","0","4800","PIT@WAS","WAS","PIT","NA","Achilles","",""
"16073-28346","TE","Maxx","Williams","4.066666603088379","12","4800","BUF@BAL","BAL","BUF","P","Undisclosed","",""
"16073-15006","RB","Shaun","Draughn","5.854545593261719","11","4800","LA@SF","SF","LA","","","",""
"16073-26610","WR","Paul","Richardson","4.5","1","4800","MIA@SEA","SEA","MIA","P","Hamstring","",""
"16073-32418","RB","Christine","Michael","3.424999952316284","8","4800","MIA@SEA","SEA","MIA","","","",""
"16073-14952","K","Dan","Bailey","8.1875","16","4800","NYG@DAL","DAL","NYG","","","",""
"16073-32000","TE","Luke","Willson","2.7538460951585035","13","4800","MIA@SEA","SEA","MIA","","","",""
"16073-14761","WR","Andre","Holmes","3.9307691133939304","13","4800","OAK@NO","OAK","NO","","","",""
"16073-14757","RB","Matt","Asiata","2.2600001017252604","15","4800","MIN@TEN","MIN","TEN","","","",""
"16073-12545","D","Philadelphia","Eagles","8.25","16","4800","CLE@PHI","PHI","CLE","","","",""
"16073-39449","WR","Charles","Johnson","2.866666793823242","6","4800","MIN@TEN","MIN","TEN","","","",""
"16073-33714","K","Cairo","Santos","9.132499694824219","16","4800","SD@KC","KC","SD","","","",""
"16073-39427","WR","Quinton","Patton","3.8062500953674316","16","4800","LA@SF","SF","LA","","","",""
"16073-10354","RB","Marcel","Reece","4.233333333333333","15","4800","OAK@NO","OAK","NO","O","Suspension","",""
"16073-14643","RB","DuJuan","Harris","7.775000095367432","4","4800","LA@SF","SF","LA","","","",""
"16073-47523","WR","Tajae","Sharpe","0","0","4800","MIN@TEN","TEN","MIN","","","",""
"16073-6870","TE","Vernon","Davis","4.5","13","4800","PIT@WAS","WAS","PIT","","","",""
"16073-26094","WR","Brandon","Coleman","4.525000095367432","16","4800","OAK@NO","NO","OAK","","","",""
"16073-6660","RB","Donald","Brown","6.950000127156575","6","4800","NE@ARI","NE","ARI","P","Hamstring","",""
"16073-6668","K","Adam","Vinatieri","7.6875","16","4800","DET@IND","IND","DET","","","",""
"16073-14369","RB","Jordan","Todman","0.550000011920929","4","4800","DET@IND","IND","DET","","","",""
"16073-6724","K","Steven","Hauschka","9.125","16","4800","MIA@SEA","SEA","MIA","","","",""
"16073-14358","WR","Dwayne","Harris","6.320000203450521","15","4800","NYG@DAL","NYG","DAL","","","",""
"16073-29593","WR","Marqise","Lee","4.0444446139865455","9","4800","GB@JAC","JAC","GB","","","",""
"16073-34295","WR","Breshad","Perriman","0","0","4800","BUF@BAL","BAL","BUF","NA","Knee","",""
"16073-29314","TE","Richard","Rodgers","8.193750381469727","16","4800","GB@JAC","GB","JAC","","","",""
"16073-31261","RB","Tre","Mason","3.269230769230769","13","4800","LA@SF","LA","SF","O","Personal","",""
"16073-24682","RB","Andre","Ellington","6.719999694824219","10","4800","NE@ARI","ARI","NE","","","",""
"16073-29003","RB","Ka'Deem","Carey","4.412499904632568","8","4800","CHI@HOU","CHI","HOU","Q","Concussion","",""
"16073-24589","WR","Jaron","Brown","2.3545454198663887","11","4800","NE@ARI","ARI","NE","","","",""
"16073-9442","WR","Brandon","Tate","0.8599999745686849","15","4800","CIN@NYJ","CIN","NYJ","","","",""
"16073-33037","WR","Kenbrell","Thompkins","4.166666666666667","6","4700","CIN@NYJ","NYJ","CIN","","","",""
"16073-30709","WR","Bruce","Ellington","1.5769230769230769","13","4700","LA@SF","SF","LA","","","",""
"16073-32613","RB","DeAndre","Washington","0","0","4700","OAK@NO","OAK","NO","","","",""
"16073-32674","TE","Jace","Amaro","0","0","4700","CIN@NYJ","NYJ","CIN","","","",""
"16073-47640","RB","Branden","Oliver","4.071428571428571","7","4700","SD@KC","SD","KC","P","Toe","",""
"16073-6522","K","Josh","Brown","9.25","16","4700","NYG@DAL","NYG","DAL","","","",""
"16073-54612","RB","Lorenzo","Taliaferro","5.366666793823242","3","4700","BUF@BAL","BAL","BUF","NA","Foot","",""
"16073-54607","RB","Terrance","West","2.9000000953674316","8","4700","BUF@BAL","BAL","BUF","","","",""
"16073-30261","K","Caleb","Sturgis","7.461538461538462","13","4700","CLE@PHI","PHI","CLE","","","",""
"16073-32045","TE","Vance","McDonald","4.685714176722935","14","4700","LA@SF","SF","LA","","","",""
"16073-25775","TE","Clive","Walford","4.326666768391927","15","4700","OAK@NO","OAK","NO","P","Knee","",""
"16073-39445","WR","Brice","Butler","6.3599998474121096","5","4700","NYG@DAL","DAL","NYG","","","",""
"16073-14704","WR","Chris","Hogan","5.812307504507212","13","4700","NE@ARI","NE","ARI","P","Shoulder","",""
"16073-25694","RB","Andre","Williams","2.1812500953674316","16","4700","NYG@DAL","NYG","DAL","","","",""
"16073-31871","RB","Charles","Sims","9.65625","16","4700","TB@ATL","TB","ATL","P","Ankle","",""
"16073-6904","WR","Devin","Hester","0","5","4700","TB@ATL","ATL","TB","","","",""
"16073-6897","K","Mason","Crosby","8.266666666666667","15","4700","GB@JAC","GB","JAC","","","",""
"16073-22110","K","Blair","Walsh","9.5625","16","4700","MIN@TEN","MIN","TEN","","","",""
"16073-29723","RB","Stepfan","Taylor","1.1166666348775227","6","4700","NE@ARI","ARI","NE","","","",""
"16073-22034","WR","Chris","Givens","3.7928570338657925","14","4700","CLE@PHI","PHI","CLE","","","",""
"16073-14355","TE","Niles","Paul","0","0","4700","PIT@WAS","WAS","PIT","P","Ankle","",""
"16073-14336","RB","Jacquizz","Rodgers","1.1199999809265138","5","4700","CHI@HOU","CHI","HOU","","","",""
"16073-14349","WR","Jeremy","Kerley","2.346666717529297","15","4700","DET@IND","DET","IND","","","",""
"16073-34073","TE","Ryan","Griffin","5.233333163791233","9","4700","CHI@HOU","HOU","CHI","","","",""
"16073-27343","WR","Kenny","Bell","0","0","4700","TB@ATL","TB","ATL","","","",""
"16073-14240","TE","Lance","Kendricks","3.5","14","4700","LA@SF","LA","SF","","","",""
"16073-10030","WR","Harry","Douglas","4.892857142857143","14","4700","MIN@TEN","TEN","MIN","","","",""
"16073-31308","WR","Quan","Bray","0","9","4700","DET@IND","IND","DET","","","",""
"16073-29340","WR","Josh","Huff","4.478571483067104","14","4700","CLE@PHI","PHI","CLE","","","",""
"16073-38301","TE","Darren","Fells","5.418181679465554","11","4700","NE@ARI","ARI","NE","","","",""
"16073-28933","WR","Jared","Abbrederis","2.2285714830671037","7","4700","GB@JAC","GB","JAC","","","",""
"16073-40932","WR","Pharoh","Cooper","0","0","4700","LA@SF","LA","SF","","","",""
"16073-6636","K","Mike","Nugent","8.1875","16","4600","CIN@NYJ","CIN","NYJ","","","",""
"16073-26343","WR","Corey","Fuller","1.899999976158142","4","4600","DET@IND","DET","IND","NA","Foot","",""
"16073-15176","K","Kai","Forbath","6.454545454545454","11","4600","OAK@NO","NO","OAK","","","",""
"16073-6427","K","Connor","Barth","8.583333333333334","12","4600","OAK@NO","NO","OAK","","","",""
"16073-54782","TE","Cameron","Brate","4.858333269755046","12","4600","TB@ATL","TB","ATL","","","",""
"16073-30403","WR","Chris","Conley","3.8222223917643228","9","4600","SD@KC","KC","SD","","","",""
"16073-54694","TE","Justin","Perillo","3.616666793823242","6","4600","GB@JAC","GB","JAC","","","",""
"16073-32483","WR","Josh","Boyce","0","0","4600","DET@IND","IND","DET","P","Undisclosed","",""
"16073-32058","K","Chris","Boswell","10.5","12","4600","PIT@WAS","PIT","WAS","","","",""
"16073-14837","WR","Jeremy","Ross","0.6818181818181818","11","4600","CIN@NYJ","NYJ","CIN","","","",""
"16073-12547","D","Pittsburgh","Steelers","9.3125","16","4600","PIT@WAS","PIT","WAS","","","",""
"16073-22447","WR","Griff","Whalen","3.5555555555555554","9","4600","MIA@SEA","MIA","SEA","","","",""
"16073-39455","RB","Kerwynn","Williams","3.4666665395100913","6","4600","NE@ARI","ARI","NE","","","",""
"16073-33703","WR","Ryan","Grant","4.191666603088379","12","4600","PIT@WAS","WAS","PIT","","","",""
"16073-22292","RB","Lance","Dunbar","9.675000190734863","4","4600","NYG@DAL","DAL","NYG","NA","Knee","",""
"16073-27847","WR","Shane","Wynn","0","0","4600","GB@JAC","JAC","GB","","","",""
"16073-7001","TE","Kellen","Davis","1.0333333545260959","9","4600","CIN@NYJ","NYJ","CIN","P","Thumb","",""
"16073-41398","WR","Mario","Alford","2","1","4600","CIN@NYJ","CIN","NYJ","","","",""
"16073-6810","K","Dan","Carpenter","7.25","16","4600","BUF@BAL","BUF","BAL","","","",""
"16073-28030","RB","Fitzgerald","Toussaint","2.066666603088379","3","4600","PIT@WAS","PIT","WAS","","","",""
"16073-6672","TE","Marcedes","Lewis","2.0400000254313153","15","4600","GB@JAC","JAC","GB","","","",""
"16073-12540","D","Minnesota","Vikings","8.8125","16","4600","MIN@TEN","MIN","TEN","","","",""
"16073-12528","D","Cincinnati","Bengals","8.75","16","4600","CIN@NYJ","CIN","NYJ","","","",""
"16073-29725","TE","Levine","Toilolo","1.0999999576144748","9","4600","TB@ATL","ATL","TB","P","Hand","",""
"16073-6702","K","Phil","Dawson","6.5","16","4600","LA@SF","SF","LA","","","",""
"16073-29821","WR","Jordan","Payton","0","0","4600","CLE@PHI","CLE","PHI","","","",""
"16073-6782","K","Matt","Prater","7.375","16","4600","DET@IND","DET","IND","","","",""
"16073-28144","TE","Dion","Sims","2.1416667302449546","12","4600","MIA@SEA","MIA","SEA","","","",""
"16073-34071","WR","Nick","Williams","3.3090910478071733","11","4600","TB@ATL","ATL","TB","","","",""
"16073-22958","RB","Bobby","Rainey","0.19333333969116212","15","4600","NYG@DAL","NYG","DAL","","","",""
"16073-14268","RB","Stevan","Ridley","1.350000023841858","8","4600","DET@IND","DET","IND","","","",""
"16073-34288","WR","Rannell","Hall","0","1","4600","CLE@PHI","CLE","PHI","","","",""
"16073-14297","WR","Greg","Salas","5.599999904632568","1","4600","BUF@BAL","BUF","BAL","Q","Hamstring","",""
"16073-14305","RB","Roy","Helu Jr.","2.737499952316284","8","4600","OAK@NO","OAK","NO","","","",""
"16073-27441","RB","Damien","Williams","2.471428462437221","14","4600","MIA@SEA","MIA","SEA","","","",""
"16073-29357","RB","Kenjon","Barner","2.8500000635782876","6","4600","CLE@PHI","PHI","CLE","","","",""
"16073-24772","WR","Issac","Blakeney","0","0","4600","PIT@WAS","PIT","WAS","","","",""
"16073-24817","TE","Nick","O'Leary","1.3999999364217122","3","4600","BUF@BAL","BUF","BAL","","","",""
"16073-44493","WR","Jordan","Williams-Lambert","0","0","4600","OAK@NO","NO","OAK","","","",""
"16073-29084","WR","Rashad","Ross","2.6461539635291467","13","4600","PIT@WAS","WAS","PIT","","","",""
"16073-31184","RB","Jonathan","Williams","0","0","4600","BUF@BAL","BUF","BAL","","","",""
"16073-30807","TE","Mychal","Rivera","3.5714285714285716","14","4600","OAK@NO","OAK","NO","","","",""
"16073-7831","K","Sebastian","Janikowski","7.125","16","4600","OAK@NO","OAK","NO","","","",""
"16073-30775","WR","Justin","Hunter","4.822222391764323","9","4600","MIN@TEN","TEN","MIN","P","Ankle","",""
"16073-40843","RB","Alex","Collins","0","0","4600","MIA@SEA","SEA","MIA","","","",""
"16073-28815","RB","Akeem","Hunt","2.357142857142857","7","4600","CHI@HOU","HOU","CHI","","","",""
"16073-30733","WR","Cordarrelle","Patterson","0.9642857142857143","14","4600","MIN@TEN","MIN","TEN","P","Shoulder","",""
"16073-7703","WR","Jerome","Simpson","2.779999923706055","5","4600","LA@SF","SF","LA","","","",""
"16073-22002","WR","T.J.","Graham","1.4666666984558105","3","4500","CLE@PHI","PHI","CLE","","","",""
"16073-33047","WR","Chris","Moore","0","0","4500","BUF@BAL","BAL","BUF","Q","Undisclosed","",""
"16073-6567","TE","David","Johnson","-0.17499999701976776","4","4500","PIT@WAS","PIT","WAS","","","",""
"16073-21984","RB","Isaiah","Pead","-1.7000000476837158","1","4500","MIA@SEA","MIA","SEA","P","Hamstring","",""
"16073-52560","WR","Geronimo","Allison","0","0","4500","GB@JAC","GB","JAC","","","",""
"16073-30598","TE","Busta","Anderson","0","0","4500","LA@SF","SF","LA","","","",""
"16073-30605","WR","K.J.","Brent","0","0","4500","OAK@NO","OAK","NO","","","",""
"16073-70438","RB","Cedric","O'Neal","0","0","4500","CLE@PHI","PHI","CLE","","","",""
"16073-70439","WR","Reggie","Diggs","0","0","4500","PIT@WAS","WAS","PIT","P","Knee","",""
"16073-47861","TE","Mitchell","Henry","0","2","4500","GB@JAC","GB","JAC","P","Groin","",""
"16073-70444","WR","Paul","McRoberts","0","0","4500","LA@SF","LA","SF","","","",""
"16073-32551","WR","Kolby","Listenbee","0","0","4500","BUF@BAL","BUF","BAL","O","Pelvis","",""
"16073-30654","TE","Jerell","Adams","0","0","4500","NYG@DAL","NYG","DAL","","","",""
"16073-47870","TE","Tyler","Higbee","0","0","4500","LA@SF","LA","SF","Q","Knee","",""
"16073-70454","WR","Jace","Billingsley","0","0","4500","DET@IND","DET","IND","","","",""
"16073-30635","RB","Mike","Davis","2.6200000762939455","5","4500","LA@SF","SF","LA","","","",""
"16073-70457","TE","Cole","Wick","0","0","4500","DET@IND","DET","IND","","","",""
"16073-70456","TE","Adam","Fuehne","0","0","4500","DET@IND","DET","IND","","","",""
"16073-70467","WR","Andy","Jones","0","0","4500","NYG@DAL","DAL","NYG","","","",""
"16073-21940","RB","Trent","Richardson","0","0","4500","BUF@BAL","BAL","BUF","","","",""
"16073-70468","WR","Ed","Eagan","0","0","4500","NYG@DAL","DAL","NYG","","","",""
"16073-39153","TE","Ifeanyi","Momah","0","0","4500","NE@ARI","ARI","NE","","","",""
"16073-30684","RB","Brandon","Wilds","0","0","4500","TB@ATL","ATL","TB","","","",""
"16073-54437","RB","Mandel","Dixon","0","0","4500","PIT@WAS","PIT","WAS","IR","Undisclosed","",""
"16073-6653","RB","Jerome","Felton","0.4749999940395355","4","4500","BUF@BAL","BUF","BAL","","","",""
"16073-70486","WR","Chris","Hubert","0","0","4500","NE@ARI","ARI","NE","","","",""
"16073-70484","RB","Brandon","Brown-Dukes","0","0","4500","PIT@WAS","PIT","WAS","","","",""
"16073-70489","TE","Ben","Braunecker","0","0","4500","CHI@HOU","CHI","HOU","","","",""
"16073-6642","K","Nick","Folk","9.285714285714286","7","4500","CIN@NYJ","NYJ","CIN","P","Quadriceps","",""
"16073-30667","TE","Justice","Cunningham","0","2","4500","LA@SF","LA","SF","","","",""
"16073-43961","RB","Tyler","Ervin","0","0","4500","CHI@HOU","HOU","CHI","","","",""
"16073-70496","K","Aldrick","Rosas","0","0","4500","MIN@TEN","TEN","MIN","","","",""
"16073-70501","RB","C.J.","Ham","0","0","4500","MIN@TEN","MIN","TEN","","","",""
"16073-28249","RB","David","Cobb","2.9857142312186107","7","4500","MIN@TEN","TEN","MIN","","","",""
"16073-28246","WR","Isaac","Fruechte","0","0","4500","MIN@TEN","MIN","TEN","","","",""
"16073-70506","TE","Ryan","O'Malley","0","0","4500","OAK@NO","OAK","NO","","","",""
"16073-6597","TE","Craig","Stevens","3.0100000381469725","10","4500","MIN@TEN","TEN","MIN","","","",""
"16073-6595","TE","Matt","Spaeth","0.6666666666666666","3","4500","PIT@WAS","PIT","WAS","","","",""
"16073-6622","WR","Eric","Weems","0.16666666666666666","12","4500","TB@ATL","ATL","TB","","","",""
"16073-32632","WR","Bradley","Marquez","1.5300000190734864","10","4500","LA@SF","LA","SF","","","",""
"16073-28226","WR","Aaron","Burbridge","0","0","4500","LA@SF","SF","LA","","","",""
"16073-15178","RB","Chase","Reynolds","0","2","4500","LA@SF","LA","SF","","","",""
"16073-70555","WR","Ben","Roberts","0","0","4500","MIN@TEN","TEN","MIN","","","",""
"16073-70553","WR","Kieran","Duncan","0","0","4500","CHI@HOU","CHI","HOU","","","",""
"16073-45791","WR","Rashard","Higgins","0","0","4500","CLE@PHI","CLE","PHI","","","",""
"16073-41964","WR","Vince","Mayle","0","1","4500","NYG@DAL","DAL","NYG","","","",""
"16073-28311","TE","MarQueis","Gray","0.699999988079071","1","4500","MIA@SEA","MIA","SEA","","","",""
"16073-45809","TE","Kivon","Cartwright","0","0","4500","TB@ATL","TB","ATL","","","",""
"16073-47720","WR","Chandler","Worthy","0.9666666984558105","3","4500","CIN@NYJ","NYJ","CIN","","","",""
"16073-41922","WR","Johnny","Holton","0","0","4500","OAK@NO","OAK","NO","","","",""
"16073-32703","WR","Jakeem","Grant","0","0","4500","MIA@SEA","MIA","SEA","","","",""
"16073-45821","WR","Isaiah","Burse","0","0","4500","SD@KC","SD","KC","","","",""
"16073-33244","WR","Eli","Rogers","0","0","4500","PIT@WAS","PIT","WAS","","","",""
"16073-28408","WR","Kyle","Prater","0","0","4500","OAK@NO","NO","OAK","IR","Undisclosed","",""
"16073-15121","WR","Chris","Matthews","2.509090943769975","11","4500","BUF@BAL","BAL","BUF","P","Undisclosed","",""
"16073-33218","TE","Bryce","Williams","0","0","4500","NE@ARI","NE","ARI","","","",""
"16073-43826","WR","Tommylee","Lewis","0","0","4500","OAK@NO","NO","OAK","","","",""
"16073-33270","TE","Gerald","Christian","0","0","4500","NE@ARI","ARI","NE","","","",""
"16073-54280","WR","D'haquille","Williams","0","0","4500","LA@SF","LA","SF","","","",""
"16073-70630","WR","Jarvis","Turner","0","0","4500","PIT@WAS","WAS","PIT","P","Finger","",""
"16073-6488","WR","Dwayne","Bowe","1.1142857415335519","7","4500","CLE@PHI","CLE","PHI","","","",""
"16073-32287","WR","Cayleb","Jones","0","0","4500","CLE@PHI","PHI","CLE","","","",""
"16073-12872","RB","James","Develin","0","0","4500","NE@ARI","NE","ARI","","","",""
"16073-32263","WR","Jaxon","Shipley","0","0","4500","NE@ARI","ARI","NE","P","Foot","",""
"16073-39305","TE","A.J.","Derby","0","0","4500","NE@ARI","NE","ARI","","","",""
"16073-32309","TE","M.J.","McFarland","0","0","4500","CLE@PHI","PHI","CLE","","","",""
"16073-32807","TE","Anthony","Denham","0","0","4500","CHI@HOU","HOU","CHI","","","",""
"16073-32804","WR","Dres","Anderson","0","0","4500","LA@SF","SF","LA","","","",""
"16073-28437","TE","Danny","Vitale","0","0","4500","TB@ATL","TB","ATL","","","",""
"16073-28525","WR","Braxton","Miller","0","0","4500","CHI@HOU","HOU","CHI","","","",""
"16073-30414","WR","Michael","Bennett","0","0","4500","CIN@NYJ","CIN","NYJ","","","",""
"16073-30412","WR","Tavarres","King","0","0","4500","NYG@DAL","NYG","DAL","","","",""
"16073-26598","WR","Nelson","Spruce","0","0","4500","LA@SF","LA","SF","","","",""
"16073-30417","K","Marshall","Morgan","0","0","4500","BUF@BAL","BUF","BAL","","","",""
"16073-39411","TE","Gavin","Escobar","2.057142802647182","7","4500","NYG@DAL","DAL","NYG","P","Achilles","",""
"16073-30428","WR","Malcolm","Mitchell","0","0","4500","NE@ARI","NE","ARI","Q","Elbow","",""
"16073-54690","WR","Freddie","Martino","0","0","4500","TB@ATL","TB","ATL","","","",""
"16073-54674","WR","Jeremy","Butler","6.474999904632568","8","4500","BUF@BAL","BAL","BUF","","","",""
"16073-28502","WR","Devin","Smith","2.857142857142857","7","4500","CIN@NYJ","NYJ","CIN","NA","Knee","",""
"16073-54659","WR","Tony","Washington","0.800000011920929","1","4500","GB@JAC","JAC","GB","Q","Concussion","",""
"16073-32410","RB","Trey","Williams","1.2000000476837158","1","4500","DET@IND","IND","DET","","","",""
"16073-54651","RB","Dominique","Williams","0","0","4500","CIN@NYJ","NYJ","CIN","","","",""
"16073-26411","TE","Ryan","Malleck","0","0","4500","NYG@DAL","NYG","DAL","","","",""
"16073-32918","WR","Jordan","Leslie","0","0","4500","TB@ATL","ATL","TB","","","",""
"16073-47953","WR","Lucky","Whitehead","1.1083333492279053","12","4500","NYG@DAL","DAL","NYG","","","",""
"16073-30228","WR","Tyler","Murphy","2.0999999046325684","1","4500","MIA@SEA","MIA","SEA","","","",""
"16073-30249","WR","Frankie","Hammond Jr.","-0.4","5","4500","SD@KC","KC","SD","","","",""
"16073-70335","TE","Seth","DeValve","0","0","4500","CLE@PHI","CLE","PHI","P","Hamstring","",""
"16073-30250","WR","Quinton","Dunbar","0","11","4500","PIT@WAS","WAS","PIT","","","",""
"16073-54617","WR","Matt","Hazel","0","1","4500","MIA@SEA","MIA","SEA","","","",""
"16073-54621","WR","Walt","Powell","0","2","4500","BUF@BAL","BUF","BAL","","","",""
"16073-28561","WR","Evan","Spencer","0","1","4500","TB@ATL","TB","ATL","","","",""
"16073-28562","TE","Jake","Stoneburner","6.400000254313151","3","4500","LA@SF","LA","SF","","","",""
"16073-68366","WR","Jamel","Johnson","0","0","4500","GB@JAC","GB","JAC","","","",""
"16073-28570","TE","Nick","Vannett","0","0","4500","MIA@SEA","SEA","MIA","","","",""
"16073-32429","K","Josh","Lambo","7.8125","16","4500","SD@KC","SD","KC","","","",""
"16073-32957","TE","Eric","Tomlinson","0","0","4500","CHI@HOU","HOU","CHI","","","",""
"16073-41639","WR","DeAndre","Smelter","0","0","4500","LA@SF","SF","LA","","","",""
"16073-21547","RB","Will","Johnson","2.2600000381469725","5","4500","NYG@DAL","NYG","DAL","","","",""
"16073-72262","TE","Nick","Truesdell","0","0","4500","DET@IND","IND","DET","","","",""
"16073-72266","WR","Montario","Hunter","0","0","4500","MIA@SEA","SEA","MIA","","","",""
"16073-72267","WR","Franky","Okafor","0","0","4500","NE@ARI","ARI","NE","","","",""
"16073-30297","TE","Trey","Burton","2.300000031789144","3","4500","CLE@PHI","PHI","CLE","","","",""
"16073-70341","WR","Moritz","Boehringer","0","0","4500","MIN@TEN","MIN","TEN","","","",""
"16073-70342","TE","Temarrick","Hemingway","0","0","4500","LA@SF","LA","SF","","","",""
"16073-46001","RB","Joey","Iosefa","2.549999952316284","2","4500","NE@ARI","NE","ARI","","","",""
"16073-30309","WR","Valdez","Showers","0","0","4500","PIT@WAS","WAS","PIT","","","",""
"16073-33007","TE","Blake","Annen","0","0","4500","BUF@BAL","BUF","BAL","","","",""
"16073-30307","RB","Mack","Brown","0","0","4500","PIT@WAS","WAS","PIT","","","",""
"16073-30326","RB","Keith","Marshall","0","0","4500","PIT@WAS","WAS","PIT","","","",""
"16073-70373","TE","Mike","Miller","0","0","4500","DET@IND","IND","DET","","","",""
"16073-45165","WR","Donte","Foster","0","0","4500","NYG@DAL","NYG","DAL","","","",""
"16073-62633","TE","Matt","Lengel","0","0","4500","CIN@NYJ","CIN","NYJ","","","",""
"16073-62634","K","Tom","Obarski","0","0","4500","NYG@DAL","NYG","DAL","","","",""
"16073-27672","TE","Matt","LaCosse","3.700000047683716","1","4500","NYG@DAL","NYG","DAL","Q","Knee","",""
"16073-62628","WR","DeAndre","Carter","0","0","4500","NE@ARI","NE","ARI","","","",""
"16073-27671","WR","Jake","Kumerow","0","0","4500","CIN@NYJ","CIN","NYJ","","","",""
"16073-62631","RB","Gus","Johnson","0","0","4500","TB@ATL","ATL","TB","","","",""
"16073-25751","TE","Chris","Pantale","0","0","4500","CLE@PHI","PHI","CLE","","","",""
"16073-72109","WR","Rashaun","Simonise","0","0","4500","CIN@NYJ","CIN","NYJ","","","",""
"16073-33571","RB","George","Atkinson III","0","0","4500","OAK@NO","OAK","NO","","","",""
"16073-62600","WR","Joshua","Stangby","0","0","4500","DET@IND","IND","DET","","","",""
"16073-39615","TE","Brandon","Williams","0","6","4500","MIA@SEA","SEA","MIA","","","",""
"16073-62623","RB","John","Crockett","1.0499999523162842","2","4500","GB@JAC","GB","JAC","","","",""
"16073-27692","RB","Josh","Ferguson","0","0","4500","DET@IND","IND","DET","","","",""
"16073-25783","RB","Mike","James","0","0","4500","TB@ATL","TB","ATL","","","",""
"16073-62619","K","Andrew","Franks","4.875","16","4500","MIA@SEA","MIA","SEA","","","",""
"16073-62617","TE","Khari","Lee","0.30000001192092896","4","4500","CHI@HOU","CHI","HOU","","","",""
"16073-43504","RB","Don","Jackson","0","0","4500","GB@JAC","GB","JAC","","","",""
"16073-25789","WR","Rashawn","Scott","0","0","4500","MIA@SEA","MIA","SEA","","","",""
"16073-62611","WR","Reggie","Bell","0","0","4500","OAK@NO","NO","OAK","","","",""
"16073-60745","K","Jason","Myers","7.625","16","4500","GB@JAC","JAC","GB","","","",""
"16073-43413","RB","Kenneth","Dixon","0","0","4500","BUF@BAL","BAL","BUF","","","",""
"16073-62718","WR","Daniel","Brown","2.3499999046325684","4","4500","BUF@BAL","BAL","BUF","Q","Head","",""
"16073-25827","TE","Asante","Cleveland","0.6000000238418579","1","4500","SD@KC","SD","KC","","","",""
"16073-62668","TE","John","Peters","0","0","4500","CIN@NYJ","CIN","NYJ","","","",""
"16073-72147","WR","Dobson","Collins","0","0","4500","BUF@BAL","BAL","BUF","O","Undisclosed","",""
"16073-25836","WR","Herb","Waters","0","0","4500","GB@JAC","GB","JAC","","","",""
"16073-39678","TE","E.J.","Bibbs","0.6000000238418579","2","4500","CLE@PHI","CLE","PHI","","","",""
"16073-12544","D","New York","Jets","7.3125","16","4500","CIN@NYJ","NYJ","CIN","","","",""
"16073-62680","WR","Donteea","Dye","2.470000076293945","10","4500","TB@ATL","TB","ATL","","","",""
"16073-30012","WR","Kevin","Smith","1.933333396911621","3","4500","MIA@SEA","SEA","MIA","","","",""
"16073-62508","TE","James","O'Shaughnessy","2.339999961853027","5","4500","SD@KC","KC","SD","P","Foot","",""
"16073-30004","WR","Kasen","Williams","1.7999999523162842","1","4500","MIA@SEA","SEA","MIA","","","",""
"16073-54863","WR","C.J.","Goodwin","0","0","4500","TB@ATL","ATL","TB","","","",""
"16073-62510","TE","Nick","Boyle","2.922222137451172","9","4500","BUF@BAL","BAL","BUF","O","Suspension","",""
"16073-62505","TE","MyCole","Pruitt","1.3899999618530274","10","4500","MIN@TEN","MIN","TEN","","","",""
"16073-62519","WR","Tre","McBride","1.433333396911621","6","4500","MIN@TEN","TEN","MIN","","","",""
"16073-29994","K","Travis","Coons","7.0625","16","4500","CLE@PHI","CLE","PHI","","","",""
"16073-62524","WR","Rasheed","Bailey","0","0","4500","GB@JAC","JAC","GB","","","",""
"16073-29991","RB","Bishop","Sankey","4.183333396911621","12","4500","MIN@TEN","TEN","MIN","","","",""
"16073-39428","RB","Kyle","Juszczyk","4.806250095367432","16","4500","BUF@BAL","BAL","BUF","","","",""
"16073-29985","WR","Jaydon","Mickens","0","0","4500","OAK@NO","OAK","NO","","","",""
"16073-32185","RB","Zach","Line","2.8636363636363638","11","4500","MIN@TEN","MIN","TEN","","","",""
"16073-22336","WR","Joshua","Bellamy","4.3900001525878904","10","4500","CHI@HOU","CHI","HOU","","","",""
"16073-29974","WR","Jamaal","Jones","0","0","4500","SD@KC","SD","KC","","","",""
"16073-33691","RB","Orleans","Darkwa","2.8777777353922525","9","4500","NYG@DAL","NYG","DAL","P","Leg","",""
"16073-29956","TE","Joshua","Perkins","0","0","4500","TB@ATL","ATL","TB","","","",""
"16073-45278","WR","Bernard","Reedy","0","0","4500","TB@ATL","TB","ATL","","","",""
"16073-25654","RB","Tommy","Bohanon","1.5600000381469727","5","4500","CIN@NYJ","NYJ","CIN","","","",""
"16073-14683","RB","Patrick","DiMarco","2.95","10","4500","TB@ATL","ATL","TB","","","",""
"16073-39512","RB","Kendall","Gaskins","3.674999952316284","4","4500","LA@SF","SF","LA","","","",""
"16073-41370","WR","Trevor","Davis","0","0","4500","GB@JAC","GB","JAC","","","",""
"16073-39509","WR","Ryan","Spadola","0","0","4500","DET@IND","DET","IND","IR","","",""
"16073-30069","WR","Dominique","Williams","0","0","4500","SD@KC","SD","KC","Q","Concussion","",""
"16073-33766","RB","Rob","Kelley","0","0","4500","PIT@WAS","WAS","PIT","","","",""
"16073-39492","TE","Josh","Hill","2.4615384615384617","13","4500","OAK@NO","NO","OAK","","","",""
"16073-62535","WR","Tyrell","Williams","8","2","4500","SD@KC","SD","KC","","","",""
"16073-62534","TE","Brian","Parker","0.550000011920929","2","4500","SD@KC","KC","SD","","","",""
"16073-62538","WR","Cameron","Meredith","2.5","7","4500","CHI@HOU","CHI","HOU","","","",""
"16073-39539","TE","Brian","Leonhardt","0.8999999761581421","1","4500","MIN@TEN","MIN","TEN","","","",""
"16073-62550","WR","R.J.","Harris","0","0","4500","OAK@NO","NO","OAK","","","",""
"16073-33733","WR","Xavier","Rush","0","0","4500","CLE@PHI","PHI","CLE","","","",""
"16073-22311","WR","Jarrett","Boykin","0","0","4500","BUF@BAL","BUF","BAL","","","",""
"16073-33320","RB","Senorise","Perry","0","0","4500","CHI@HOU","CHI","HOU","P","Foot","",""
"16073-22220","TE","Sean","McGrath","0","0","4500","SD@KC","SD","KC","","","",""
"16073-27908","TE","C.J.","Fiedorowicz","2.2461539048414965","13","4500","CHI@HOU","HOU","CHI","","","",""
"16073-29869","WR","Devin","Lucien","0","0","4500","NE@ARI","NE","ARI","","","",""
"16073-29866","RB","Paul","Perkins","0","0","4500","NYG@DAL","NYG","DAL","","","",""
"16073-31788","WR","Antwan","Goodley","0","0","4500","MIA@SEA","SEA","MIA","","","",""
"16073-29830","WR","Shaq","Evans","0","0","4500","GB@JAC","JAC","GB","P","Lower leg","",""
"16073-43260","TE","Darion","Griswold","0","0","4500","DET@IND","IND","DET","","","",""
"16073-26045","WR","Leonte","Carroo","0","0","4500","MIA@SEA","MIA","SEA","","","",""
"16073-29843","WR","Devin","Fuller","0","0","4500","TB@ATL","ATL","TB","","","",""
"16073-39859","TE","Jack","Doyle","2.4000000953674316","8","4500","DET@IND","IND","DET","","","",""
"16073-31748","WR","Levi","Norwood","0","0","4500","PIT@WAS","PIT","WAS","","","",""
"16073-26076","RB","Sam","Bergen","0","0","4500","MIN@TEN","TEN","MIN","","","",""
"16073-39887","WR","Myles","White","2.033333248562283","9","4500","NYG@DAL","NYG","DAL","","","",""
"16073-33403","WR","Tevin","Jones","0","0","4500","CHI@HOU","HOU","CHI","","","",""
"16073-26057","RB","Michael","Burton","1.6375000476837158","8","4500","DET@IND","DET","IND","","","",""
"16073-29949","WR","Marvin","Hall","0","0","4500","OAK@NO","OAK","NO","","","",""
"16073-10647","K","Matt","Bryant","7.4","10","4500","TB@ATL","ATL","TB","","","",""
"16073-6910","K","Robbie","Gould","9.866666666666667","15","4500","CHI@HOU","CHI","HOU","","","",""
"16073-45343","WR","Daniel","Braverman","0","0","4500","CHI@HOU","CHI","HOU","","","",""
"16073-47501","WR","Marken","Michel","0","0","4500","MIN@TEN","MIN","TEN","","","",""
"16073-22188","RB","Daryl","Richardson","0","0","4500","PIT@WAS","PIT","WAS","","","",""
"16073-22198","WR","Brittan","Golden","0.25","4","4500","NE@ARI","ARI","NE","P","Hamstring","",""
"16073-6880","K","Shaun","Suisham","0","0","4500","PIT@WAS","PIT","WAS","","","",""
"16073-6884","WR","Hakeem","Nicks","1.4833332697550456","6","4500","OAK@NO","NO","OAK","","","",""
"16073-28021","RB","Sione","Houma","0","0","4500","OAK@NO","NO","OAK","","","",""
"16073-12526","D","Buffalo","Bills","6.125","16","4500","BUF@BAL","BUF","BAL","","","",""
"16073-25886","WR","Devin","Street","1.8899999618530274","10","4500","NYG@DAL","DAL","NYG","P","Leg","",""
"16073-39689","TE","Zach","Sudfeld","0","0","4500","CIN@NYJ","NYJ","CIN","P","Knee","",""
"16073-29734","WR","Ty","Montgomery","5.75","6","4500","GB@JAC","GB","JAC","P","Ankle","",""
"16073-45562","RB","Paul","Lasike","0","0","4500","CHI@HOU","CHI","HOU","","","",""
"16073-22109","K","Greg","Zuerlein","6.928571428571429","14","4500","LA@SF","LA","SF","","","",""
"16073-12538","D","Los Angeles","Rams","8.6875","16","4500","LA@SF","LA","SF","","","",""
"16073-22123","TE","James","Hanna","1.5499999523162842","8","4500","NYG@DAL","DAL","NYG","NA","Knee","",""
"16073-39716","WR","Adam","Thielen","2.9299999237060548","10","4500","MIN@TEN","MIN","TEN","","","",""
"16073-14406","RB","Bruce","Miller","2.589999961853027","10","4500","LA@SF","SF","LA","","","",""
"16073-31874","RB","Kenneth","Farrow","0","0","4500","SD@KC","SD","KC","","","",""
"16073-22130","RB","Daniel","Herron","1.9000000423855252","9","4500","BUF@BAL","BUF","BAL","","","",""
"16073-22029","RB","Bernard","Pierce","0.824999988079071","4","4500","CIN@NYJ","NYJ","CIN","O","Suspension","",""
"16073-29805","RB","Ryan","Hewitt","1.5444444020589192","9","4500","CIN@NYJ","CIN","NYJ","","","",""
"16073-45472","TE","Garrett","Griffin","0","0","4500","OAK@NO","NO","OAK","Q","Hamstring","",""
"16073-14372","WR","Aldrick","Robinson","0","0","4500","TB@ATL","ATL","TB","","","",""
"16073-33531","TE","Ben","Koyack","0","0","4500","GB@JAC","JAC","GB","","","",""
"16073-28126","TE","Paul","Lang","0","0","4500","PIT@WAS","PIT","WAS","","","",""
"16073-29814","WR","Devon","Cajuste","0","0","4500","LA@SF","SF","LA","","","",""
"16073-28131","WR","Keith","Mumphery","1.4214285441807337","14","4500","CHI@HOU","HOU","CHI","","","",""
"16073-33473","WR","Chris","Brown","0","0","4500","NYG@DAL","DAL","NYG","","","",""
"16073-29768","RB","Patrick","Skov","0","0","4500","CLE@PHI","CLE","PHI","IR","Foot","",""
"16073-6778","TE","Anthony","Fasano","3.8500001089913503","14","4500","MIN@TEN","TEN","MIN","","","",""
"16073-33488","TE","Troy","Niklas","4.324999809265137","4","4500","NE@ARI","ARI","NE","","","",""
"16073-6753","WR","Andre","Caldwell","2.0416666666666665","12","4500","DET@IND","DET","IND","P","Undisclosed","",""
"16073-22067","TE","Adrien","Robinson","0","0","4500","CIN@NYJ","NYJ","CIN","","","",""
"16073-22065","TE","Rhett","Ellison","2.1727272380482066","11","4500","MIN@TEN","MIN","TEN","NA","Knee","",""
"16073-6767","K","Ryan","Succop","5.714285714285714","14","4500","MIN@TEN","TEN","MIN","","","",""
"16073-14348","TE","Lee","Smith","1.7272727272727273","11","4500","OAK@NO","OAK","NO","","","",""
"16073-29655","RB","Soma","Vainuku","0","0","4500","CHI@HOU","HOU","CHI","","","",""
"16073-34125","WR","Geremy","Davis","0.7749999761581421","4","4500","NYG@DAL","NYG","DAL","","","",""
"16073-64104","RB","Terrell","Watson","0","0","4500","CLE@PHI","CLE","PHI","","","",""
"16073-29672","RB","Silas","Redd Jr.","0","0","4500","PIT@WAS","WAS","PIT","O","Knee","",""
"16073-29592","TE","Xavier","Grimble","0","0","4500","PIT@WAS","PIT","WAS","","","",""
"16073-40126","TE","Austin","Hooper","0","0","4500","TB@ATL","ATL","TB","","","",""
"16073-27199","RB","Marcus","Murphy","0.3076923076923077","13","4500","OAK@NO","NO","OAK","","","",""
"16073-34051","WR","Deshon","Foxx","0","0","4500","MIA@SEA","SEA","MIA","","","",""
"16073-29583","TE","Randall","Telfer","0","0","4500","CLE@PHI","CLE","PHI","P","Knee","",""
"16073-25225","WR","Quinshad","Davis","0","0","4500","DET@IND","DET","IND","","","",""
"16073-22849","TE","Cory","Harkey","0.8499999841054281","6","4500","LA@SF","LA","SF","","","",""
"16073-29624","RB","Tre","Madden","0","0","4500","MIA@SEA","SEA","MIA","IR","","",""
"16073-31524","WR","Cody","Core","0","0","4500","CIN@NYJ","CIN","NYJ","","","",""
"16073-64046","WR","Ed","Williams","0","0","4500","GB@JAC","GB","JAC","","","",""
"16073-25232","WR","T.J.","Thorpe","0","0","4500","PIT@WAS","WAS","PIT","","","",""
"16073-22959","WR","Deonte","Thompson","1.5166667302449544","6","4500","CHI@HOU","CHI","HOU","","","",""
"16073-25203","RB","Romar","Morris","0","0","4500","CIN@NYJ","NYJ","CIN","","","",""
"16073-31703","RB","Malcolm","Johnson","0.7","5","4500","CLE@PHI","CLE","PHI","","","",""
"16073-46767","TE","Je'Ron","Hamm","0","1","4500","LA@SF","SF","LA","","","",""
"16073-22920","TE","Derek","Carrier","2.600000034679066","11","4500","PIT@WAS","WAS","PIT","NA","Knee","",""
"16073-14266","RB","Daniel","Thomas","0","0","4500","MIA@SEA","MIA","SEA","","","",""
"16073-29540","RB","Terron","Ward","2.7299999237060546","10","4500","TB@ATL","ATL","TB","P","Ankle","",""
"16073-27338","RB","Rex","Burkhead","1.566666603088379","12","4500","CIN@NYJ","CIN","NYJ","","","",""
"16073-22938","WR","Rod","Streater","1.2999999523162842","1","4500","SD@KC","KC","SD","","","",""
"16073-29549","WR","Richard","Mullaney","0","0","4500","CHI@HOU","HOU","CHI","","","",""
"16073-14253","WR","Greg","Little","0","0","4500","BUF@BAL","BUF","BAL","","","",""
"16073-34275","RB","Storm","Johnson","0","0","4500","TB@ATL","TB","ATL","","","",""
"16073-23023","TE","Cooper","Helfet","2.7857142857142856","7","4500","MIA@SEA","SEA","MIA","","","",""
"16073-11890","WR","Bryan","Walters","5.345454476096413","11","4500","GB@JAC","JAC","GB","","","",""
"16073-25135","WR","Marcus","Leak","0","0","4500","DET@IND","IND","DET","P","Undisclosed","",""
"16073-14274","TE","Rob","Housler","1.0600000381469727","5","4500","CHI@HOU","CHI","HOU","","","",""
"16073-14277","WR","Vincent","Brown","2.700000047683716","1","4500","OAK@NO","NO","OAK","","","",""
"16073-22991","RB","Jonathan","Grimes","5.576923076923077","13","4500","CHI@HOU","HOU","CHI","","","",""
"16073-34224","TE","Kennard","Backman","0","7","4500","GB@JAC","GB","JAC","","","",""
"16073-23003","TE","Phillip","Supernaw","1.350000023841858","2","4500","MIN@TEN","TEN","MIN","","","",""
"16073-60305","WR","Douglas","McNeil III","0","0","4500","MIA@SEA","SEA","MIA","","","",""
"16073-14304","TE","Luke","Stocker","2.075000047683716","8","4500","TB@ATL","TB","ATL","","","",""
"16073-29477","TE","Connor","Hamlett","0","0","4500","CLE@PHI","CLE","PHI","","","",""
"16073-44893","RB","Roosevelt","Nix","0.8666666348775228","3","4500","PIT@WAS","PIT","WAS","","","",""
"16073-14319","RB","Taiwan","Jones","2.125","12","4500","OAK@NO","OAK","NO","","","",""
"16073-38260","RB","Kelvin","Taylor","0","0","4500","LA@SF","SF","LA","","","",""
"16073-40430","WR","Demarcus","Ayers","0","0","4500","PIT@WAS","PIT","WAS","","","",""
"16073-38264","WR","Demarcus","Robinson","0","0","4500","SD@KC","KC","SD","","","",""
"16073-31321","RB","Jay","Prosch","0.824999988079071","4","4500","CHI@HOU","HOU","CHI","","","",""
"16073-29404","RB","Byron","Marshall","0","0","4500","CLE@PHI","PHI","CLE","","","",""
"16073-7394","TE","Brandon","Pettigrew","2.3142858232770647","7","4500","DET@IND","DET","IND","NA","Knee","",""
"16073-25561","WR","Michael","Campanaro","3.424999952316284","4","4500","BUF@BAL","BAL","BUF","","","",""
"16073-25554","RB","Nikita","Whitlock","0","14","4500","NYG@DAL","NYG","DAL","","","",""
"16073-40415","WR","MarQuez","North","0","0","4500","LA@SF","LA","SF","","","",""
"16073-31329","WR","Russell","Shepard","1.471428598676409","7","4500","TB@ATL","TB","ATL","","","",""
"16073-55577","WR","Hunter","Sharp","0","0","4500","CLE@PHI","PHI","CLE","","","",""
"16073-44678","WR","Titus","Davis","0","0","4500","CIN@NYJ","NYJ","CIN","","","",""
"16073-44784","RB","Darius","Jackson","0","0","4500","NYG@DAL","DAL","NYG","","","",""
"16073-31263","WR","Ricardo","Louis","0","0","4500","CLE@PHI","CLE","PHI","","","",""
"16073-44791","RB","Bronson","Hill","0","0","4500","CIN@NYJ","CIN","NYJ","","","",""
"16073-25513","WR","Darius","Jennings","6.233333587646484","3","4500","CLE@PHI","CLE","PHI","","","",""
"16073-31280","K","Cody","Parkey","5.666666666666667","3","4500","CLE@PHI","PHI","CLE","P","Groin","",""
"16073-27403","TE","Blake","Bell","2.9000000423855252","9","4500","LA@SF","SF","LA","","","",""
"16073-27411","RB","Aaron","Ripkowski","1.149999976158142","2","4500","GB@JAC","GB","JAC","","","",""
"16073-31269","RB","Corey","Grant","0.1","5","4500","GB@JAC","JAC","GB","","","",""
"16073-25463","WR","Canaan","Severin","0","0","4500","PIT@WAS","PIT","WAS","IR","Undisclosed","",""
"16073-40296","WR","Damond","Powell","0","0","4500","NE@ARI","ARI","NE","","","",""
"16073-34014","WR","Aaron","Dobson","3.433333396911621","6","4500","NE@ARI","NE","ARI","","","",""
"16073-12090","K","Nick","Novak","7","13","4500","CHI@HOU","HOU","CHI","","","",""
"16073-31435","TE","Nic","Jacobs","0.36666667461395264","3","4500","GB@JAC","JAC","GB","","","",""
"16073-29277","TE","Stephen","Anderson","0","0","4500","CHI@HOU","HOU","CHI","","","",""
"16073-53532","WR","Roger","Lewis","0","0","4500","NYG@DAL","NYG","DAL","","","",""
"16073-55694","WR","Mike","Thomas","0","0","4500","LA@SF","LA","SF","","","",""
"16073-29290","WR","Bryce","Treggs","0","0","4500","LA@SF","SF","LA","","","",""
"16073-34042","WR","Shakim","Phillips","0","0","4500","PIT@WAS","PIT","WAS","IR","Abdomen","",""
"16073-12055","TE","Logan","Paulsen","0","0","4500","PIT@WAS","WAS","PIT","P","Toe","",""
"16073-29304","RB","Daniel","Lasco","0","0","4500","OAK@NO","NO","OAK","","","",""
"16073-33931","WR","DeAndre","Reaves","0","0","4500","SD@KC","SD","KC","","","",""
"16073-31378","WR","Kadron","Boone","0","0","4500","NYG@DAL","NYG","DAL","","","",""
"16073-22774","RB","Jonas","Gray","4.100000108991351","7","4500","GB@JAC","JAC","GB","","","",""
"16073-22763","WR","Nathan","Palmer","0","0","4500","OAK@NO","OAK","NO","","","",""
"16073-29201","WR","Maurice","Harris","0","0","4500","PIT@WAS","WAS","PIT","","","",""
"16073-22767","WR","Brian","Tyms","0","0","4500","DET@IND","IND","DET","","","",""
"16073-22765","K","Giorgio","Tavecchio","0","0","4500","OAK@NO","OAK","NO","","","",""
"16073-29205","WR","Kenny","Lawler","0","0","4500","MIA@SEA","SEA","MIA","P","Knee","",""
"16073-22754","TE","Garrett","Celek","4.6099998474121096","10","4500","LA@SF","SF","LA","","","",""
"16073-31417","WR","James","Wright","0","0","4500","CIN@NYJ","CIN","NYJ","","","",""
"16073-22746","WR","Kashif","Moore","0","0","4500","SD@KC","KC","SD","","","",""
"16073-29237","WR","Chris","Harper","-0.29999999205271405","3","4500","NE@ARI","NE","ARI","","","",""
"16073-25356","TE","Benson","Browne","0","0","4500","LA@SF","LA","SF","","","",""
"16073-31073","RB","Knile","Davis","1.276923106266902","13","4500","SD@KC","KC","SD","P","Shoulder","",""
"16073-61666","WR","Jared","Dangerfield","0","0","4500","OAK@NO","NO","OAK","","","",""
"16073-26715","WR","Josh","Lenz","0","0","4500","CHI@HOU","HOU","CHI","","","",""
"16073-46121","WR","Marquis","Bundy","0","0","4500","NE@ARI","ARI","NE","","","",""
"16073-31093","WR","Javontee","Herndon","3.8499999046325684","8","4500","SD@KC","SD","KC","P","Undisclosed","",""
"16073-24803","RB","James","Wilder Jr.","0","0","4500","BUF@BAL","BUF","BAL","","","",""
"16073-46088","RB","Jhurell","Pressley","0","0","4500","MIN@TEN","MIN","TEN","","","",""
"16073-11454","RB","Dexter","McCluster","6.927272449840199","11","4500","MIN@TEN","TEN","MIN","P","Wrist","",""
"16073-38509","RB","Wendell","Smallwood","0","0","4500","CLE@PHI","PHI","CLE","P","Quadriceps","",""
"16073-11431","TE","Jermaine","Gresham","2.869230710543119","13","4500","NE@ARI","ARI","NE","P","Hamstring","",""
"16073-38517","RB","Dreamius","Smith","0","2","4500","SD@KC","SD","KC","","","",""
"16073-38523","TE","Geoff","Swaim","0.5","1","4500","NYG@DAL","DAL","NYG","","","",""
"16073-31015","WR","DeAndrew","White","1.399999976158142","2","4500","LA@SF","SF","LA","","","",""
"16073-24718","WR","Max","McCaffrey","0","0","4500","OAK@NO","OAK","NO","","","",""
"16073-11511","TE","Tony","Moeaki","4.433333396911621","3","4500","CHI@HOU","CHI","HOU","","","",""
"16073-11504","WR","Andre","Roberts","3.125","8","4500","DET@IND","DET","IND","P","Knee","",""
"16073-30990","RB","Jalston","Fowler","2.5250000953674316","8","4500","MIN@TEN","TEN","MIN","","","",""
"16073-26657","RB","Christian","Powell","0","0","4500","PIT@WAS","PIT","WAS","","","",""
"16073-52130","K","Patrick","Murray","0","0","4500","CLE@PHI","CLE","PHI","P","Knee","",""
"16073-31207","TE","C.J.","Uzomah","0.8999999761581421","1","4500","CIN@NYJ","CIN","NYJ","","","",""
"16073-29025","TE","Michael","Cooper","0","0","4500","PIT@WAS","PIT","WAS","","","",""
"16073-24671","WR","Adam","Humphries","4.136363636363637","11","4500","TB@ATL","TB","ATL","","","",""
"16073-24679","RB","Zac","Brooks","0","0","4500","MIA@SEA","SEA","MIA","P","Hamstring","",""
"16073-53796","TE","Braedon","Bowman","0","0","4500","GB@JAC","JAC","GB","","","",""
"16073-31188","TE","Chris","Gragg","3","7","4500","BUF@BAL","BUF","BAL","","","",""
"16073-31191","WR","Mekale","McKay","0","0","4500","DET@IND","IND","DET","","","",""
"16073-34729","RB","Dwayne","Washington","0","0","4500","DET@IND","DET","IND","","","",""
"16073-48224","TE","Wes","Saxton","0","1","4500","CIN@NYJ","NYJ","CIN","","","",""
"16073-24621","WR","Charone","Peake","0","0","4500","CIN@NYJ","NYJ","CIN","","","",""
"16073-31109","K","Zach","Hocker","5.625","8","4500","CIN@NYJ","CIN","NYJ","","","",""
"16073-11648","TE","Jim","Dray","1.0111111534966364","9","4500","BUF@BAL","BUF","BAL","Q","Ankle","",""
"16073-28907","WR","Alex","Erickson","0","0","4500","CIN@NYJ","CIN","NYJ","","","",""
"16073-25052","RB","Zach","Laskey","0","0","4500","LA@SF","LA","SF","","","",""
"16073-30841","WR","Jonathan","Krause","1.0499999523162842","2","4500","TB@ATL","TB","ATL","","","",""
"16073-44177","TE","D.J.","Tialavea","0","0","4500","TB@ATL","ATL","TB","","","",""
"16073-57556","TE","Jerome","Cunningham","1.6499999364217122","6","4500","MIN@TEN","TEN","MIN","","","",""
"16073-23046","RB","Jamize","Olawale","2.9899999618530275","10","4500","OAK@NO","OAK","NO","","","",""
"16073-63858","WR","A.J.","Cruz","0","0","4500","MIA@SEA","MIA","SEA","","","",""
"16073-40913","TE","Thomas","Duarte","0","0","4500","MIA@SEA","MIA","SEA","","","",""
"16073-23055","TE","Brandon","Bostick","0","0","4500","CIN@NYJ","NYJ","CIN","","","",""
"16073-28890","RB","Derek","Watt","0","0","4500","SD@KC","SD","KC","","","",""
"16073-7918","TE","Matthew","Mulligan","0.699999988079071","1","4500","DET@IND","DET","IND","","","",""
"16073-40845","TE","Hunter","Henry","0","0","4500","SD@KC","SD","KC","","","",""
"16073-11723","WR","Marlon","Moore","2.200000047683716","8","4500","CLE@PHI","CLE","PHI","","","",""
"16073-40857","RB","Peyton","Barber","0","0","4500","TB@ATL","TB","ATL","","","",""
"16073-7856","WR","Matthew","Slater","0","1","4500","NE@ARI","NE","ARI","","","",""
"16073-28807","TE","Gabe","Holmes","0","0","4500","OAK@NO","OAK","NO","","","",""
"16073-11766","TE","Jeff","Cumberland","1.4571428298950195","7","4500","SD@KC","SD","KC","","","",""
"16073-24912","K","Dustin","Hopkins","8.333333333333334","15","4500","PIT@WAS","WAS","PIT","","","",""
"16073-11522","WR","Marcus","Easley","4.100000063578288","3","4500","BUF@BAL","BUF","BAL","NA","Kneecap","",""
"16073-11543","TE","Clay","Harbor","3.737499952316284","8","4500","NE@ARI","NE","ARI","","","",""
"16073-7801","TE","Brandon","Myers","3.116666793823242","6","4500","TB@ATL","TB","ATL","Q","Knee","",""
"16073-19342","TE","Demetrius","Harris","2.816666603088379","6","4500","SD@KC","KC","SD","","","",""
"16073-28744","RB","Raheem","Mostert","-0.25","8","4500","CLE@PHI","CLE","PHI","","","",""
"16073-11556","TE","Michael","Hoomanawanui","2.910000038146973","10","4500","OAK@NO","NO","OAK","","","",""
"16073-7784","WR","Darrius","Heyward-Bey","4.900000138716265","11","4500","PIT@WAS","PIT","WAS","","","",""
"16073-27020","RB","Glenn","Gronkowski","0","0","4500","BUF@BAL","BUF","BAL","","","",""
"16073-30910","RB","Zac","Stacy","3.6999999455043246","7","4500","CIN@NYJ","NYJ","CIN","","","",""
"16073-48482","TE","David","Morgan","0","0","4500","MIN@TEN","MIN","TEN","","","",""
"16073-57348","RB","Glenn","Winston","-2.799999952316284","1","4500","CLE@PHI","CLE","PHI","","","",""
"16073-28721","RB","Brandon","Cottom","0","0","4500","MIA@SEA","SEA","MIA","IR","Achilles","",""
"16073-28735","WR","Daniel","Anthrop","0","0","4500","DET@IND","IND","DET","","","",""
"16073-11629","WR","Kyle","Williams","0","0","4500","CIN@NYJ","NYJ","CIN","","","",""
"16073-24882","K","Roberto","Aguayo","0","0","4500","TB@ATL","TB","ATL","","","",""
"16073-28694","TE","Jesse","James","3.5200000762939454","5","4500","PIT@WAS","PIT","WAS","","","",""
"16073-7718","RB","Cedric","Peerman","0","4","4500","CIN@NYJ","CIN","NYJ","","","",""
"16073-11635","WR","Marc","Mariani","2.4375","16","4500","CHI@HOU","CHI","HOU","","","",""
"16073-12549","D","San Francisco","49ers","4.5","16","4400","LA@SF","SF","LA","","","",""
"16073-12541","D","New England","Patriots","8.4375","16","4400","NE@ARI","NE","ARI","","","",""
"16073-12543","D","New York","Giants","7.375","16","4400","NYG@DAL","NYG","DAL","","","",""
"16073-12535","D","Indianapolis","Colts","7.625","16","4400","DET@IND","IND","DET","","","",""
"16073-12530","D","Dallas","Cowboys","5.25","16","4400","NYG@DAL","DAL","NYG","","","",""
"16073-12555","D","Baltimore","Ravens","6.4375","16","4300","BUF@BAL","BAL","BUF","","","",""
"16073-12527","D","Chicago","Bears","5.0625","16","4300","CHI@HOU","CHI","HOU","","","",""
"16073-12537","D","Oakland","Raiders","7","16","4300","OAK@NO","OAK","NO","","","",""
"16073-12533","D","Green Bay","Packers","7.5625","16","4300","GB@JAC","GB","JAC","","","",""
"16073-12532","D","Detroit","Lions","6.0625","16","4300","DET@IND","DET","IND","","","",""
"16073-12551","D","Tampa Bay","Buccaneers","6.625","16","4200","TB@ATL","TB","ATL","","","",""
"16073-12552","D","Washington","Redskins","8.3125","16","4200","PIT@WAS","WAS","PIT","","","",""
"16073-12525","D","Atlanta","Falcons","5.8125","16","4200","TB@ATL","ATL","TB","","","",""
"16073-12539","D","Miami","Dolphins","6","16","4200","MIA@SEA","MIA","SEA","","","",""
"16073-12548","D","San Diego","Chargers","5.1875","16","4100","SD@KC","SD","KC","","","",""
"16073-12554","D","Jacksonville","Jaguars","6.1875","16","4100","GB@JAC","JAC","GB","","","",""
"16073-12534","D","Tennessee","Titans","5.625","16","4100","MIN@TEN","TEN","MIN","","","",""
"16073-12542","D","New Orleans","Saints","5.125","16","4000","OAK@NO","NO","OAK","","","",""
"16073-12529","D","Cleveland","Browns","5.4375","16","4000","CLE@PHI","CLE","PHI","","","",""